{
  "project_info": {
    "project_number": "556583062150",
    "project_id": "behappy-68c9e",
    "storage_bucket": "behappy-68c9e.appspot.com"
  },
  "client": [
    {
      "client_info": {
        "mobilesdk_app_id": "1:556583062150:android:e57b747a3a9dcb81ec5f07",
        "android_client_info": {
          "package_name": "ch.ahmad.behappyv1"
        }
      },
      "oauth_client": [
        {
          "client_id": "556583062150-dp33d1bl81tg7e2bpsk5bp616efinvr8.apps.googleusercontent.com",
          "client_type": 3
        }
      ],
      "api_key": [
        {
          "current_key": "AIzaSyAP8omggZD7I5H1VL9c9har-kKAALKaYJY"
        }
      ],
      "services": {
        "appinvite_service": {
          "other_platform_oauth_client": [
            {
              "client_id": "556583062150-dp33d1bl81tg7e2bpsk5bp616efinvr8.apps.googleusercontent.com",
              "client_type": 3
            },
            {
              "client_id": "556583062150-0grbr8u0ri36marmjsmjrfv8ejq3knb1.apps.googleusercontent.com",
              "client_type": 2,
              "ios_info": {
                "bundle_id": "com.example.behappy"
              }
            }
          ]
        }
      }
    }
  ],
  "configuration_version": "1"
}